{"cameraMode":{"drawMode":0,"name":"Shaded","section":"Shading Mode"},"sceneLighting":true,"audioPlay":false,"sceneViewState":{"m_AlwaysRefresh":false,"showFog":true,"showSkybox":true,"showFlares":true,"showImageEffects":true,"showParticleSystems":true,"showVisualEffectGraphs":true,"m_FxEnabled":true},"in2DMode":false,"pivot":{"x":-1.6955225467681885,"y":2.267793893814087,"z":-0.772292971611023},"rotation":{"x":0.020467055961489679,"y":-0.4742451012134552,"z":0.01102826464921236,"w":0.8800941705703735},"size":1.3152544498443604,"orthographic":false}